model,n_qubits,n_qlayers,entanglement,accuracy_mean,accuracy_std,f1_mean,f1_std,precision_mean,precision_std,recall_mean,recall_std,train_time_mean,train_time_std
gru,N/A,N/A,N/A,0.8779999999999999,0.010697871023920856,0.8775521409986183,0.011117196310055552,0.8792918054878633,0.008645392771954759,0.8772970085470085,0.011475100049283309,6.5812842600164005,0.7201602228795425
lstm,N/A,N/A,N/A,0.8786666666666667,0.012605113600792693,0.8785054384811252,0.012456434204914197,0.8789343447529469,0.012824375405090889,0.8787393162393162,0.011832295103278132,6.668161039997358,0.9085635278486884
qgru,3.0,1.0,False,0.8606666666666666,0.01706197852275963,0.8605870109478865,0.017049218318451215,0.8625342091441175,0.014852270801969596,0.8619123931623932,0.0160478834249998,188.82556500001812,1.7472893533939715
qgru,3.0,1.0,True,0.8380000000000001,0.035947492572114444,0.8372738597597345,0.036593180301469366,0.8466529783845106,0.02844261528231376,0.8401709401709402,0.033392414049825035,189.50831285999158,5.211329219420691
qgru,3.0,2.0,False,0.8593333333333334,0.033780336160421934,0.8584701387769865,0.03364600742645269,0.8671179308674963,0.03161506325179999,0.8594017094017093,0.03096597772879566,237.71780256000346,10.634331663862703
qgru,3.0,2.0,True,0.8546666666666667,0.03476907949441413,0.8542877583844394,0.03485152328470734,0.8595591396268076,0.03020610110479708,0.8559829059829059,0.03253694105954506,284.14885085998105,9.48131224063956
qgru,4.0,1.0,False,0.8853333333333333,0.01260511360079271,0.8848559308468971,0.012368048282413006,0.8874034901357912,0.013437171756379344,0.8843482905982907,0.011580920613610473,243.81769401994535,6.1417260672959815
qgru,4.0,1.0,True,0.8586666666666666,0.03404245715116473,0.8580690621707797,0.03397534501417709,0.8645499310356705,0.030547040775173454,0.8592414529914529,0.03145365192311008,268.58520325999706,14.784480767472143
qgru,4.0,2.0,False,0.8713333333333333,0.008692269873603536,0.870926132395506,0.00855877822785687,0.8732616890358612,0.010048833008860057,0.8709935897435898,0.008204178714427184,339.2250803399831,13.500355916975522
qgru,4.0,2.0,True,0.8720000000000001,0.019235384061671305,0.8714467226633629,0.019110450616521682,0.8752242528867331,0.019538465322994688,0.8714209401709402,0.01833206941830948,378.6428864600137,24.37485682193625
qlstm,3.0,1.0,False,0.874,0.022161026851459577,0.8737581177946755,0.022035650645526383,0.8753970270523281,0.020626587176945158,0.8741452991452991,0.02075562842664738,250.45281203999184,15.80935997676544
qlstm,3.0,1.0,True,0.8706666666666667,0.03443189735631129,0.870145762054561,0.0347133051388801,0.8744024873772845,0.02844279570770213,0.8708333333333333,0.03240357932291841,240.7180272800033,0.7225056425820061
qlstm,3.0,2.0,False,0.8693333333333333,0.017857460314638498,0.8691458960814842,0.01768971029210272,0.8701857899047827,0.01734109306607714,0.8695512820512821,0.01679148520421673,322.8349580799928,9.487504935159475
qlstm,3.0,2.0,True,0.8466666666666667,0.0291547594742265,0.8453956745985266,0.02945981577047821,0.8572191173818297,0.02467387589138489,0.8471153846153847,0.027271463242270897,349.55502252001315,18.895149043701736
qlstm,4.0,1.0,False,0.8473333333333333,0.05702825810264787,0.8453539571607788,0.05899509944026548,0.8600619553889788,0.04298556869013728,0.8474893162393162,0.05361010084961056,323.5176964399405,18.732189790972985
qlstm,4.0,1.0,True,0.8386666666666667,0.04537498086929501,0.8370446277201558,0.04569935419108721,0.8538829228744111,0.041018290276559996,0.8396901709401708,0.04105757207003262,326.51655062001663,0.4062387804427195
qlstm,4.0,2.0,False,0.8640000000000001,0.03569936196130742,0.8635636775955907,0.03593089694439364,0.8684110582609051,0.030144336104273667,0.8648504273504274,0.03338461531623493,428.11656383997763,4.327335756726701
qlstm,4.0,2.0,True,0.8586666666666666,0.04845387268090942,0.8576015170244926,0.04928234973895887,0.8667256545998356,0.03967729055818507,0.8589209401709402,0.04531925163060183,484.9192184000276,5.545545046671336
qlstm,5.0,1.0,False,0.866,0.014981470036162813,0.8651348429374315,0.016276776788307485,0.8709823474360538,0.009427943406253634,0.865491452991453,0.016552934875908355,392.91499122000005,8.918747261851063
qlstm,5.0,1.0,True,0.8379999999999999,0.056005952064639195,0.8364340079679801,0.05750398405609222,0.8518093650396438,0.042828601092512596,0.8401175213675213,0.05213966655455935,427.11489938000005,6.060626009732474
qlstm,5.0,2.0,False,0.8806666666666667,0.01278019300845388,0.8801590062034579,0.012364303871668923,0.8837119783106996,0.015247772906329332,0.87991452991453,0.01128073091049879,528.5120403000003,9.668298283230278
qlstm,5.0,2.0,True,0.874,0.015527752931802802,0.8733133511349308,0.01521311276304257,0.878753125785724,0.01767229152451876,0.8732371794871796,0.014125208445332023,582.3202551799998,6.434448474286967
qgru,5.0,1.0,False,0.8706666666666667,0.0275277637627501,0.869796666158164,0.027694800691999717,0.8772709900876491,0.024282845370799236,0.8701923076923077,0.02590123487692448,286.8497275800004,7.107007016927635
qgru,5.0,1.0,True,0.8426666666666666,0.06228964600958975,0.8401735130402301,0.0649248008385389,0.8573612886107773,0.04621460045524446,0.8429487179487178,0.059846346899658606,319.15047067999984,7.971644317297016
qgru,5.0,2.0,False,0.8573333333333334,0.03988873413773757,0.8563460673858183,0.04002257461501526,0.8664276355521693,0.03533169456872527,0.857638888888889,0.036609909620386724,412.5676793600007,2.406378572389122
qgru,5.0,2.0,True,0.8473333333333333,0.05007771737786956,0.8463822549883518,0.05153674391640469,0.855813747189611,0.03689929062614904,0.8493055555555555,0.04719461342914644,440.6503119200006,4.064070800329597
rnn,N/A,N/A,N/A,0.8686666666666667,0.019804601036683946,0.8684201045134496,0.019553823238283537,0.8707127101080017,0.0193545126907316,0.869017094017094,0.018156107509613738,5.253568279999309,0.58574850801276
sgru,	5,	N/A,	N/A,	0.842000,	0.027649,	0.840885,	0.02774,	0.850994,	0.021832,	0.842468,	0.024751,	8.566015,	0.346279
slstm,  5,	N/A,	N/A,	0.849333,	0.031127,	0.848454,	0.03115,	0.856512,	0.026169,	0.849679,	0.028587,	9.146508,	0.791691